{
    "_ColorR": 1.0,
    "_ColorG": 1.0,
    "_ColorB": 1.0,
    "_RampLevels": 8.0,
    "_LightScalar": 0.75,
    "_HighColorR": 1.0,
    "_HighColorG": 1.0,
    "_HighColorB": 1.0,
    "_HighIntensity": 4.349999904632568,
    "_LowColorR": 0.4781950116157532,
    "_LowColorG": 0.4820427894592285,
    "_LowColorB": 0.5094339847564697,
    "_LowIntensity": 8.510000228881836,
    "_OutlineColorR": 0.0,
    "_OutlineColorG": 0.0,
    "_OutlineColorB": 0.0,
    "_OutlineSize": 50.0,
    "_RimColorR": 1.0,
    "_RimColorG": 0.2025822401046753,
    "_RimColorB": 0.0,
    "_RimAlpha": 0.2619999945163727,
    "_RimPower": 0.328000009059906,
    "_RimDropOff": 0.013000000268220902,
    "_FresnelColorR": 1.0,
    "_FresnelColorG": 1.0,
    "_FresnelColorB": 1.0,
    "_FresnelBrightness": 0.11299999803304672,
    "_FresnelPower": 0.10400000214576721,
    "_FresnelShadowDropoff": 0.06700000166893006,
    "_GradYCap": 0.0,
    "_GradIntensity": 0.0
}