{
    "_ColorR": 1.0,
    "_ColorG": 1.0,
    "_ColorB": 1.0,
    "_RampLevels": 10.0,
    "_LightScalar": 0.7099999785423279,
    "_HighColorR": 1.0,
    "_HighColorG": 1.0,
    "_HighColorB": 1.0,
    "_HighIntensity": 1.2999999523162842,
    "_LowColorR": 0.20545563101768495,
    "_LowColorG": 0.5789383053779602,
    "_LowColorB": 0.7641509771347046,
    "_LowIntensity": 0.20000000298023225,
    "_OutlineColorR": 0.0,
    "_OutlineColorG": 0.0,
    "_OutlineColorB": 0.0,
    "_OutlineSize": 50.0,
    "_RimColorR": 1.0,
    "_RimColorG": 1.0,
    "_RimColorB": 1.0,
    "_RimAlpha": 0.14100000262260438,
    "_RimPower": 0.23999999463558198,
    "_RimDropOff": 0.47999998927116396,
    "_FresnelColorR": 0.6258899569511414,
    "_FresnelColorG": 0.9150943160057068,
    "_FresnelColorB": 0.7620639204978943,
    "_FresnelBrightness": 0.03999999910593033,
    "_FresnelPower": 0.5950000286102295,
    "_FresnelShadowDropoff": 0.2809999883174896,
    "_GradYCap": 0.0,
    "_GradIntensity": 0.0
}