{
    "_ColorR": 0.16862741112709046,
    "_ColorG": 0.36078429222106936,
    "_ColorB": 0.16862741112709046,
    "_RampLevels": 8.0,
    "_LightScalar": 1.600000023841858,
    "_HighColorR": 1.0,
    "_HighColorG": 1.0,
    "_HighColorB": 1.0,
    "_HighIntensity": 1.5,
    "_LowColorR": 1.0,
    "_LowColorG": 1.0,
    "_LowColorB": 1.0,
    "_LowIntensity": 1.0,
    "_OutlineColorR": 0.0,
    "_OutlineColorG": 0.0,
    "_OutlineColorB": 0.0,
    "_OutlineSize": 0.0,
    "_RimColorR": 0.12156858295202255,
    "_RimColorG": 0.4862745404243469,
    "_RimColorB": 0.22745096683502198,
    "_RimAlpha": 0.49000000953674319,
    "_RimPower": 0.20999999344348908,
    "_RimDropOff": 0.0,
    "_FresnelColorR": 0.2588235139846802,
    "_FresnelColorG": 0.7764706611633301,
    "_FresnelColorB": 0.38823530077934267,
    "_FresnelBrightness": 0.1899999976158142,
    "_FresnelPower": 0.0,
    "_FresnelShadowDropoff": 0.0,
    "_GradYCap": 0.0,
    "_GradIntensity": 0.0
}