{
    "_ColorR": 1.0,
    "_ColorG": 0.8847914934158325,
    "_ColorB": 0.0,
    "_RampLevels": 22.0,
    "_LightScalar": 10.0,
    "_HighColorR": 1.0,
    "_HighColorG": 1.0,
    "_HighColorB": 1.0,
    "_HighIntensity": 10.0,
    "_LowColorR": 0.6037735939025879,
    "_LowColorG": 0.6037735939025879,
    "_LowColorB": 0.6037735939025879,
    "_LowIntensity": 1.8799999952316285,
    "_OutlineColorR": 0.0,
    "_OutlineColorG": 0.0,
    "_OutlineColorB": 0.0,
    "_OutlineSize": 15.0,
    "_RimColorR": 1.0,
    "_RimColorG": 0.8893331289291382,
    "_RimColorB": 0.0,
    "_RimAlpha": 0.9869999885559082,
    "_RimPower": 0.8619999885559082,
    "_RimDropOff": 0.6039999723434448,
    "_FresnelColorR": 0.6415094137191773,
    "_FresnelColorG": 0.4885123372077942,
    "_FresnelColorB": 0.0,
    "_FresnelBrightness": 0.9929999709129334,
    "_FresnelPower": 0.492000013589859,
    "_FresnelShadowDropoff": 0.5379999876022339,
    "_GradYCap": 0.0,
    "_GradIntensity": 0.0
}