{
    "_ColorR": 0.24154499173164369,
    "_ColorG": 0.8679245114326477,
    "_ColorB": 0.3922567665576935,
    "_RampLevels": 3.0,
    "_LightScalar": 1.7000000476837159,
    "_HighColorR": 1.0,
    "_HighColorG": 1.0,
    "_HighColorB": 1.0,
    "_HighIntensity": 1.7000000476837159,
    "_LowColorR": 0.8773584961891174,
    "_LowColorG": 0.5534718036651611,
    "_LowColorB": 0.3117656409740448,
    "_LowIntensity": 1.7000000476837159,
    "_OutlineColorR": 0.0,
    "_OutlineColorG": 0.0,
    "_OutlineColorB": 0.0,
    "_OutlineSize": 55.150001525878909,
    "_RimColorR": 0.8396226167678833,
    "_RimColorG": 0.6864838600158691,
    "_RimColorB": 0.4567757248878479,
    "_RimAlpha": 0.699999988079071,
    "_RimPower": 0.6100000143051148,
    "_RimDropOff": 0.07000000029802323,
    "_FresnelColorR": 0.8072491884231567,
    "_FresnelColorG": 1.0,
    "_FresnelColorB": 0.0,
    "_FresnelBrightness": 0.25999999046325686,
    "_FresnelPower": 0.2800000011920929,
    "_FresnelShadowDropoff": 0.0,
    "_GradYCap": 0.0,
    "_GradIntensity": 0.0
}